First Name,Last Name,Address,City,State,Zip Code,Phone,Email
Cora,Rush,3068 Spring Street,Norwalk,CT,59562,945-485-1014,corarush@aol.com
Ariana,Ochoa,5945 River Road,Wylie,TX,34125,295-328-1083,arianaochoa@outlook.com
Priscilla,Day,4961 Street Road,Annapolis,MD,40624,306-690-3293,priscilladay@hotmail.com
Kristopher,Ingram,3976 Pine Street,Corpus Christi,TX,81024,840-956-2804,kristopheringram@aol.com
Georgia,Lowe,9472 Prospect Street,Lafayette,LA,70628,952-994-9850,georgialowe@gmail.com
Hazel,Travis,4358 Clinton Street,Wilmington,NC,12762,511-861-5604,hazeltravis@hotmail.com
Blaze,Welch,6198 Roberts Road,Medford,MA,11075,527-897-2743,blazewelch@yahoo.com
Elliot,Collins,8334 Main Street North,Harrisonburg,VA,85425,119-910-2305,elliotcollins@hotmail.com
Skyler,Ferrell,6552 13th Street,Deerfield Beach,FL,48656,591-591-7773,skylerferrell@hotmail.com
Ariadne,Sharp,3055 5th Street West,Mansfield,TX,86187,635-757-1919,ariadnesharp@hotmail.com
Bryan,Robertson,3385 Amherst Street,Margate,FL,83312,612-636-1403,bryanrobertson@mail.com
Atlas,Ryan,7336 4th Street North,Port St. Lucie,FL,95177,809-721-8297,atlasryan@yahoo.com
Zayd,Arnold,5666 5th Street East,Hoboken,NJ,40455,728-979-4241,zaydarnold@msn.com
Vanessa,Mcintyre,1769 Lafayette Avenue,Woodbury,MN,27589,815-505-2080,vanessamcintyre@msn.com
Jordan,Bauer,3532 5th Street,Middletown,OH,25232,206-982-4706,jordanbauer@gmail.com
Houston,Benton,8848 Harrison Avenue,Greenville,NC,78705,197-711-8195,houstonbenton@msn.com
Ford,Myers,5681 Sherman Street,Clifton,NJ,62650,571-458-9203,fordmyers@icloud.com
Jolie,Randall,5460 Harrison Street,Joplin,MO,81201,442-856-2192,jolierandall@mail.com
Amari,Ingram,7283 4th Street,Miami Gardens,FL,36646,987-223-8966,amariingram@aol.com
Celia,Rosa,7510 3rd Avenue,Lake Oswego,OR,61820,738-422-7619,celiarosa@hotmail.com
Aubrielle,Reese,9098 Market Street,Perris,CA,18299,282-234-3616,aubriellereese@hotmail.com
Daphne,Hicks,6977 Mill Road,Boulder,CO,25648,447-291-5726,daphnehicks@outlook.com
Amiyah,Conrad,560 Hawthorne Avenue,Richmond,CA,41829,350-134-7234,amiyahconrad@msn.com
Casen,Watts,9087 Cross Street,Iowa City,IA,97853,615-711-5531,casenwatts@gmail.com
Davis,Gilbert,9366 Front Street North,Boston,MA,44109,511-845-7313,davisgilbert@mail.com
Madelynn,Estrada,7705 Hamilton Street,Corona,CA,74669,378-668-1399,madelynnestrada@gmail.com
Ralph,Woodward,3125 8th Street South,Largo,FL,43025,324-851-6724,ralphwoodward@mail.com
Jonas,Calderon,3127 6th Street North,Downey,CA,35737,270-437-6116,jonascalderon@gmail.com
Lexie,Farmer,3667 Ridge Road,West Valley City,UT,97311,101-598-3872,lexiefarmer@outlook.com
Sydney,Whitney,2475 Myrtle Avenue,Ankeny,IA,14636,228-842-2260,sydneywhitney@msn.com
Kenley,Duffy,3945 Glenwood Avenue,Fort Lauderdale,FL,43874,618-889-2327,kenleyduffy@msn.com
Oaklee,Mccoy,8291 Main Street East,Fountain Valley,CA,83413,636-311-3574,oakleemccoy@icloud.com
Meilani,Hale,4613 Columbia Street,Jefferson City,MO,59271,994-283-7998,meilanihale@msn.com
Kai,Pope,2027 Monroe Drive,Shawnee,KS,90561,979-387-1110,kaipope@gmail.com
Ricardo,Faulkner,7010 River Street,Independence,MO,64751,486-461-8210,ricardofaulkner@icloud.com
Ann,Barber,4722 Aspen Drive,Fayetteville,NC,67871,120-387-6313,annbarber@msn.com
Hassan,Clay,2780 Elm Avenue,Frederick,MD,77107,371-733-5561,hassanclay@msn.com
Drake,Watkins,1047 Adams Street,Wylie,TX,21687,286-841-4268,drakewatkins@icloud.com
Virginia,Reeves,4015 Cardinal Drive,Warwick,RI,49060,295-865-4843,virginiareeves@gmail.com
Luna,French,2523 Howard Street,Chesapeake,VA,23128,772-650-8132,lunafrench@yahoo.com
Emmaline,Battle,2209 King Street,Glendora,CA,12273,823-565-7093,emmalinebattle@outlook.com
Jamie,Stanley,8621 Linden Street,Dubuque,IA,96152,241-497-9574,jamiestanley@msn.com
Kamiyah,Durham,1959 2nd Street East,Dubuque,IA,84924,679-651-9636,kamiyahdurham@yahoo.com
Landyn,Snider,6203 Deerfield Drive,Livonia,MI,51519,455-983-6014,landynsnider@msn.com
Elise,Fernandez,5564 Mechanic Street,Auburn,WA,29511,562-532-7658,elisefernandez@icloud.com
Alana,Solomon,2429 5th Avenue,Redmond,WA,17114,243-116-2675,alanasolomon@outlook.com
Gunnar,Randall,4998 Park Street,Goose Creek,SC,41531,136-247-3577,gunnarrandall@icloud.com
Cassius,Williams,4269 Mechanic Street,Tuscaloosa,AL,45310,250-660-4857,cassiuswilliams@icloud.com
Alannah,Padilla,6216 New Street,Bethlehem,PA,87355,826-415-7478,alannahpadilla@msn.com
Dwayne,Valentine,8473 12th Street East,Grand Rapids,MI,40488,583-433-7919,dwaynevalentine@gmail.com
Gabriella,Stevenson,5518 Mulberry Court,Chico,CA,85568,284-636-8858,gabriellastevenson@hotmail.com
Kaylie,Bartlett,3606 Beechwood Drive,Broomfield,CO,37688,413-694-6777,kayliebartlett@gmail.com
Sonny,Summers,6403 Cherry Lane,Sandy,UT,36025,317-843-7716,sonnysummers@icloud.com
Kobe,Atkinson,5830 Magnolia Avenue,La Quinta,CA,78960,340-940-6975,kobeatkinson@icloud.com
Kaylee,Manning,2505 Church Road,Manhattan,KS,28155,806-968-9187,kayleemanning@aol.com
Carly,Spencer,244 Washington Street,Upland,CA,49593,742-200-7115,carlyspencer@gmail.com
Leonel,Bush,4506 Cedar Court,Freeport,NY,97487,871-288-5020,leonelbush@gmail.com
Davion,Cole,4387 Orchard Street,Bremerton,WA,50492,129-826-5476,davioncole@hotmail.com
Arlette,Aguilar,8579 River Street,Chesterfield,MO,45546,740-843-2903,arletteaguilar@icloud.com
Jaziel,Russell,2890 Bridle Lane,Arlington Heights,IL,20075,560-501-6925,jazielrussell@icloud.com
Jordyn,Pacheco,2880 Winding Way,Joplin,MO,37923,244-182-6376,jordynpacheco@outlook.com
Kingsley,Woodard,7045 Park Drive,Fond du Lac,WI,34840,981-656-1949,kingsleywoodard@msn.com
Trinity,Donovan,1499 Fawn Lane,Cedar Rapids,IA,29267,919-775-3934,trinitydonovan@mail.com
Ricky,House,2424 Carriage Drive,Diamond Bar,CA,48644,691-131-5636,rickyhouse@yahoo.com
Paige,Morrison,2974 Broad Street West,Peachtree Corners,GA,64448,152-815-6876,paigemorrison@yahoo.com
Moshe,Donovan,1664 River Street,Riverside,CA,12657,699-492-3164,moshedonovan@outlook.com
Nova,Oliver,7168 Prospect Street,El Centro,CA,34224,770-907-6367,novaoliver@hotmail.com
Rodrigo,Bonner,6827 Arch Street,Richardson,TX,45405,234-246-4207,rodrigobonner@gmail.com
Kimora,Brewer,5304 Linden Avenue,Lorain,OH,99460,640-647-5665,kimorabrewer@icloud.com
Malcolm,Nunez,3374 Sherman Street,Los Angeles,CA,33891,407-803-8837,malcolmnunez@aol.com
Saylor,Stokes,5895 Forest Street,Brookfield,WI,20314,213-407-7787,saylorstokes@yahoo.com
Mina,Alvarez,3673 Overlook Circle,Novato,CA,53461,746-257-8063,minaalvarez@gmail.com
Zayn,Chavez,9355 Mulberry Street,Cincinnati,OH,85889,817-925-3193,zaynchavez@mail.com
Sariyah,Klein,4301 Winding Way,Glendale,AZ,82035,853-436-3346,sariyahklein@msn.com
Bristol,Crane,3991 10th Street,Jurupa Valley,CA,86511,766-151-2156,bristolcrane@gmail.com
Claire,Conway,5920 7th Street,Muskogee,OK,81912,249-421-4097,claireconway@hotmail.com
Rocky,Crawford,1875 Forest Avenue,Santa Monica,CA,48311,880-154-7831,rockycrawford@yahoo.com
Leon,Delaney,8007 Hawthorne Avenue,Concord,CA,53518,182-256-8441,leondelaney@gmail.com
Harleigh,Bruce,544 Edgewood Drive,Santa Rosa,CA,23608,272-341-9444,harleighbruce@aol.com
Cain,Tyler,4049 6th Street,Hanford,CA,24570,104-641-1889,caintyler@aol.com
Dane,Guerra,1290 Sunset Drive,Lafayette,IN,80125,412-293-6608,daneguerra@gmail.com
Kaylin,Morris,7839 Cottage Street,St. George,UT,27751,834-523-5331,kaylinmorris@gmail.com
Oscar,Miller,3725 Hilltop Road,McKinney,TX,47599,399-465-1692,oscarmiller@msn.com
Jeffery,Morgan,7087 Mulberry Lane,McAllen,TX,32364,229-950-5601,jefferymorgan@yahoo.com
Serenity,Charles,3064 8th Avenue,Texarkana,TX,44938,466-768-2299,serenitycharles@aol.com
Miller,Abbott,3862 Strawberry Lane,Mesquite,TX,86922,668-296-4444,millerabbott@outlook.com
Olive,Horn,6422 Cherry Lane,Monroe,LA,33568,527-161-3826,olivehorn@gmail.com
Zaiden,Booth,5119 Clark Street,Castle Rock,CO,59679,350-807-1692,zaidenbooth@gmail.com
Amber,Gilmore,5130 Main Street South,Boca Raton,FL,73193,942-117-9990,ambergilmore@yahoo.com
Brecken,Hobbs,4644 Pin Oak Drive,El Paso,TX,94756,328-998-2485,breckenhobbs@icloud.com
Rhett,Davenport,2818 Harrison Avenue,St. Paul,MN,90864,886-937-8139,rhettdavenport@aol.com
Kye,Cleveland,8988 Linden Street,Temple,TX,11093,103-781-2056,kyecleveland@hotmail.com
Trinity,Shelton,5403 Willow Street,Shelton,CT,88355,570-240-4272,trinityshelton@aol.com
Tomas,Madden,8511 Mechanic Street,Portland,ME,50683,285-856-6250,tomasmadden@outlook.com
Julissa,Vinson,8306 Mill Street,Woodbury,MN,75278,536-414-8007,julissavinson@outlook.com
Remington,Maynard,7751 12th Street East,Milford,CT,44674,840-769-1449,remingtonmaynard@hotmail.com
Ira,Church,8687 Mill Street,Fort Smith,AR,94823,983-549-8562,irachurch@msn.com
Cassidy,Sims,984 7th Street,Lacey,WA,58945,576-800-3418,cassidysims@outlook.com
Yahir,James,783 West Street,Hialeah,FL,20063,900-931-3878,yahirjames@outlook.com
Briggs,Rogers,8469 8th Street,Riverside,CA,75393,935-478-9175,briggsrogers@icloud.com
Ellis,Bowman,9825 Virginia Street,Colton,CA,95579,927-818-3920,ellisbowman@msn.com
Benton,Golden,8493 Church Street,Doral,FL,35982,206-864-3424,bentongolden@msn.com
Leighton,Frederick,5800 Academy Street,Manassas,VA,96397,874-711-6485,leightonfrederick@hotmail.com
Kabir,Dale,8940 Belmont Avenue,Naperville,IL,32607,741-636-2479,kabirdale@gmail.com
Sawyer,Orr,5570 State Street,Delray Beach,FL,23963,526-212-1337,sawyerorr@hotmail.com
Nevaeh,Moon,4839 Park Place,Elizabeth,NJ,82148,626-375-1732,nevaehmoon@mail.com
Cayson,Mcintosh,3275 3rd Avenue,Columbia,SC,71658,485-846-9704,caysonmcintosh@hotmail.com
Brett,Graham,4286 Prospect Street,Pittsburg,CA,19651,102-134-1577,brettgraham@msn.com
Eddie,Sargent,5221 Bridle Court,Quincy,IL,47898,164-801-1446,eddiesargent@outlook.com
Mariam,Andrews,8180 8th Street West,Billings,MT,82876,725-994-8013,mariamandrews@mail.com
Baylee,Sweeney,8289 Ridge Street,Owensboro,KY,52902,779-492-4132,bayleesweeney@icloud.com
Astrid,Guerrero,4486 Lake Avenue,Brownsville,TX,45012,451-865-6681,astridguerrero@aol.com
Gabriel,Payne,8919 Grant Avenue,Manchester,NH,58978,704-193-6012,gabrielpayne@outlook.com
Jesse,Warner,7036 Taylor Street,Annapolis,MD,95474,694-230-7981,jessewarner@aol.com
Dax,Wilcox,6732 5th Street North,Jacksonville,NC,58572,985-776-8943,daxwilcox@gmail.com
Shepard,Meyer,8354 Spruce Street,Lakeville,MN,55867,361-452-6621,shepardmeyer@aol.com
Giavanna,Rios,8819 Fairview Avenue,Dearborn Heights,MI,63858,326-606-9726,giavannarios@icloud.com
Kyrie,Chan,6291 Main Street East,Rialto,CA,60487,356-780-5807,kyriechan@hotmail.com
Johanna,Morin,7868 Windsor Court,Rochester,NY,61040,583-970-3633,johannamorin@mail.com
Raphael,Blackburn,4177 Creekside Drive,Fall River,MA,26316,729-525-3433,raphaelblackburn@icloud.com
Regina,White,7123 Columbia Street,West New York,NJ,54147,725-589-3888,reginawhite@aol.com
Stetson,Morrison,7245 4th Street North,San Marcos,CA,82989,461-730-7904,stetsonmorrison@gmail.com
Tristen,Hull,7257 3rd Street,El Cajon,CA,80998,949-400-2052,tristenhull@icloud.com
Shepherd,Shepard,3086 12th Street East,Huntersville,NC,81397,409-198-5479,shepherdshepard@aol.com
Ruth,Mason,2590 College Street,Mount Vernon,NY,21428,443-552-5729,ruthmason@aol.com
Omari,Robbins,689 4th Avenue,Columbia,SC,17640,195-735-8099,omarirobbins@msn.com
Ximena,Sears,5414 2nd Street West,Troy,MI,39700,562-204-3547,ximenasears@msn.com
Jaycee,Chase,7015 Madison Avenue,Cathedral City,CA,14778,412-740-5849,jayceechase@icloud.com
Elora,Stephens,8589 Cobblestone Court,Walnut Creek,CA,40881,813-945-4628,elorastephens@outlook.com
Seth,Hunt,7792 2nd Street,Kenner,LA,29045,139-576-3539,sethhunt@outlook.com
Elina,Marsh,4287 Riverside Drive,San Ramon,CA,85015,553-409-3663,elinamarsh@mail.com
Kathleen,Hoover,8197 Garfield Avenue,Brooklyn Park,MN,49745,402-824-3010,kathleenhoover@msn.com
Emmalynn,Washington,550 Edgewood Road,Cedar Rapids,IA,55625,694-879-8978,emmalynnwashington@hotmail.com
Milena,Glass,2741 Delaware Avenue,Lawrence,KS,40924,950-596-3731,milenaglass@msn.com
Lennox,Merritt,7038 Cypress Court,Waterbury,CT,99692,308-680-6782,lennoxmerritt@gmail.com
Egypt,Rocha,9617 Columbia Street,Lancaster,CA,79591,457-849-1276,egyptrocha@msn.com
Kamden,Dorsey,8891 Grand Avenue,Ormond Beach,FL,88045,896-697-7820,kamdendorsey@aol.com
Miles,Stevenson,1285 Amherst Street,Lubbock,TX,51539,827-886-3901,milesstevenson@msn.com
Kara,Garza,3069 Locust Street,Springfield,IL,75222,368-930-1623,karagarza@yahoo.com
Valeria,Massey,600 Sherman Street,Oakland,CA,36072,999-723-7367,valeriamassey@mail.com
Javion,Gilmore,8915 Buckingham Drive,Taylor,MI,36834,687-308-9051,javiongilmore@outlook.com
Lukas,Roberts,7107 Creekside Drive,Woodland,CA,20698,109-681-1915,lukasroberts@outlook.com
Kamryn,Morrison,3569 West Street,Indianapolis,IN,60988,883-498-8892,kamrynmorrison@hotmail.com
Kash,Estes,3095 West Avenue,Salem,MA,55006,171-956-3347,kashestes@aol.com
Kye,George,4093 Sycamore Street,Akron,OH,54056,907-420-2888,kyegeorge@yahoo.com
Walker,Ortega,2911 Andover Court,Irvine,CA,77699,818-683-7674,walkerortega@icloud.com
Teresa,Lester,66 Jackson Street,Milford,CT,55361,857-448-9940,teresalester@mail.com
Michaela,Ochoa,7480 3rd Street,Mansfield,TX,70664,333-401-4236,michaelaochoa@hotmail.com
Charlotte,Barker,2275 Country Lane,Hammond,IN,68360,187-249-6508,charlottebarker@msn.com
Colt,Morton,1902 2nd Street West,Baytown,TX,13739,426-458-5934,coltmorton@yahoo.com
Royal,Valdez,3515 College Avenue,Arvada,CO,19491,240-587-6376,royalvaldez@yahoo.com
Roberto,Jordan,679 Vine Street,Lowell,MA,47228,192-194-8703,robertojordan@yahoo.com
Madilynn,Armstrong,7175 Morris Street,Margate,FL,57089,792-297-4292,madilynnarmstrong@hotmail.com
Arianna,Velazquez,2329 Lake Avenue,Santa Monica,CA,59170,243-852-4948,ariannavelazquez@aol.com
Damian,Rios,8345 Brandywine Drive,Spokane Valley,WA,89045,974-821-8163,damianrios@gmail.com
Liana,Noble,2150 School Street,Madison,WI,37054,948-143-6823,liananoble@hotmail.com
Saylor,Richmond,1774 5th Avenue,St. Joseph,MO,23022,298-658-9769,saylorrichmond@aol.com
Alan,Murray,8341 Pennsylvania Avenue,Stillwater,OK,59244,325-803-7812,alanmurray@icloud.com
Ezra,West,6301 Front Street,Palo Alto,CA,76162,731-457-3517,ezrawest@icloud.com
Aurora,Hansen,2968 Fairview Road,Round Rock,TX,98194,527-423-8744,aurorahansen@yahoo.com
Zechariah,Bolton,3721 Devon Road,Royal Oak,MI,12037,657-437-4624,zechariahbolton@gmail.com
Clark,Oneil,2616 Linden Street,Marietta,GA,30248,308-530-9149,clarkoneil@yahoo.com
Judson,Buckner,8773 Pleasant Street,Rock Island,IL,31583,804-639-1274,judsonbuckner@hotmail.com
Mathew,Weaver,6975 Union Street,Conroe,TX,71238,795-260-3233,mathewweaver@hotmail.com
Lyle,Rivera,8297 State Street,Clearwater,FL,35945,588-437-3692,lylerivera@aol.com
Ronan,Chang,9974 School Street,Aurora,IL,11363,804-191-2010,ronanchang@yahoo.com
Elian,Wilkinson,4742 Lawrence Street,Newark,CA,10413,597-194-7024,elianwilkinson@aol.com
Lyric,Copeland,6714 Surrey Lane,Kansas City,MO,74719,317-432-5873,lyriccopeland@yahoo.com
Jacqueline,Walton,8755 Sunset Drive,Roseville,MI,80188,615-806-9257,jacquelinewalton@mail.com
Derrick,Lane,471 Morris Street,Twin Falls,ID,71088,586-606-8557,derricklane@aol.com
Sara,Dudley,4066 2nd Avenue,Huber Heights,OH,60875,353-883-2739,saradudley@outlook.com
Israel,Riddle,7606 Hillcrest Drive,National City,CA,51474,778-688-3002,israelriddle@outlook.com
Ronin,Middleton,6010 Overlook Circle,Revere,MA,77616,852-560-4494,roninmiddleton@mail.com
Valentino,Crawford,7492 Orchard Avenue,Newark,OH,76956,767-457-2697,valentinocrawford@icloud.com
Kiera,Moses,43 Deerfield Drive,Fremont,CA,87349,965-710-7638,kieramoses@icloud.com
Branson,Weaver,1814 Fairway Drive,Park Ridge,IL,29766,653-762-5332,bransonweaver@mail.com
Nataly,Parrish,7818 Clinton Street,Spokane,WA,15110,391-948-3403,natalyparrish@yahoo.com
Damon,Tyler,5506 5th Street East,Lakeville,MN,30015,825-411-2840,damontyler@yahoo.com
Abigail,Graham,939 Mulberry Street,Clarksville,TN,36195,583-832-5950,abigailgraham@gmail.com
Jolene,Branch,8216 Ridge Road,Union City,CA,96687,955-242-4322,jolenebranch@hotmail.com
Jakob,Decker,8852 5th Street,La Mirada,CA,62945,231-271-7331,jakobdecker@outlook.com
Joey,Bray,3703 Country Club Drive,Broken Arrow,OK,21195,590-700-6288,joeybray@icloud.com
Sullivan,Harmon,5262 Grove Street,Everett,MA,27862,817-463-5599,sullivanharmon@gmail.com
Israel,Schneider,8113 Race Street,Bellingham,WA,13885,102-920-2451,israelschneider@hotmail.com
Kensley,Dorsey,4009 Country Club Road,Belleville,IL,19358,510-774-9700,kensleydorsey@icloud.com
Noemi,Frost,7088 Maple Lane,Dothan,AL,34038,472-552-2273,noemifrost@yahoo.com
Evelyn,Workman,5006 Euclid Avenue,Maple Grove,MN,47578,117-596-6843,evelynworkman@yahoo.com
Rosa,Reese,5744 Center Street,Wausau,WI,75237,174-195-8324,rosareese@gmail.com
Finnley,Terrell,8632 Magnolia Drive,Bismarck,ND,65731,234-493-6905,finnleyterrell@aol.com
Kayla,Goodman,6104 Brandywine Drive,Port Orange,FL,50123,705-755-7886,kaylagoodman@hotmail.com
Anika,Rich,1232 Jefferson Court,Hayward,CA,82566,689-622-5639,anikarich@yahoo.com
Billy,Jackson,1146 Cleveland Avenue,Barnstable Town,MA,26762,971-518-9959,billyjackson@hotmail.com
Omari,Rosales,4655 Evergreen Drive,Henderson,NV,75175,351-128-8403,omarirosales@outlook.com
Raven,Crawford,8393 Creek Road,Redwood City,CA,75817,497-702-8886,ravencrawford@mail.com
Alondra,Shields,6598 Hillside Drive,Fort Worth,TX,46411,590-137-3077,alondrashields@yahoo.com
Leroy,Aguilar,6598 Orange Street,Sioux City,IA,97632,562-328-6416,leroyaguilar@gmail.com
Alexander,Hebert,845 Linden Avenue,Rapid City,SD,15784,611-945-7054,alexanderhebert@msn.com
Remington,Hardy,5755 Vine Street,South Jordan,UT,23136,687-647-6806,remingtonhardy@aol.com
Michaela,Huber,7996 North Avenue,Moore,OK,11303,340-219-8995,michaelahuber@hotmail.com
Brynlee,Fry,1361 Monroe Drive,Texarkana,TX,58195,296-158-3234,brynleefry@aol.com
